{"cameraMode":{"drawMode":0,"name":"Shaded","section":"Shading Mode"},"sceneLighting":false,"audioPlay":false,"sceneViewState":{"showFog":true,"showMaterialUpdate":false,"showSkybox":true,"showFlares":true,"showImageEffects":true,"showParticleSystems":true},"in2DMode":false,"pivot":{"x":-0.47148317098617556,"y":0.6200000047683716,"z":-3.7774109840393068},"rotation":{"x":0.21119651198387147,"y":-0.16650724411010743,"z":0.03653768077492714,"w":0.9624637365341187},"size":2.8578836917877199,"orthographic":false}