{"cameraMode":{"drawMode":0,"name":"Shaded","section":"Shading Mode"},"sceneLighting":false,"audioPlay":false,"sceneViewState":{"showFog":true,"showMaterialUpdate":false,"showSkybox":true,"showFlares":true,"showImageEffects":true,"showParticleSystems":true},"in2DMode":false,"pivot":{"x":3.4611408710479738,"y":3.3407764434814455,"z":2.3266639709472658},"rotation":{"x":-0.0210646353662014,"y":0.9595730900764465,"z":-0.27054500579833987,"w":-0.07470782846212387},"size":68.42240905761719,"orthographic":false}